,id,comment_text,toxic,severe_toxic,obscene,threat,insult,identity_hate
116043,6c7c290876c66572,My page should be protected first so that worthless scum like you can't keep vandalizing it.,1,0,0,0,1,0
143704,015b3d713ac21e5d,"Oh so it's you who wants the considerable amount of harm then is it? 

You fucking cretin. You seriously think I'm going to stop vandalising just because you block me? I have a MASSIVE range of IPs and you will never block them all. I am never going to stop either. Hahaha 94.2.133.200",1,0,1,0,1,0
133763,cb953131915ba38c,"I'll leave you alone when you levae me and my talk page alone, you white fuck.",1,0,1,0,0,0
118814,7af7131ffb43e2d3,"It's you who is doing original research by sucking dick of allmovie and not giving sources to why IB is an adventure film, Schindler's List was a man on a mission to save the jaws, is it an adventure film cocksucker? 201.68.139.99",1,0,1,0,1,0
147953,445268c1b685da2a,"other people's
Gosh you can't even speak English which you claim to be your mother tongue. Puh-lease.",1,0,0,0,0,0
156998,d6dd4c6aab5e4f72,"Wow... 

Your just a fucking retard. Some of my edits are actually good source, however, you NYCS user fools want it your way.",1,0,1,0,1,0
91219,f3fcd446a7a085b2,"No, Assfuckers (has a nice ring to it D) use it as a pejorative term. It offends Macedonians because most of them aren't from Skopje. And even if they are that is not their national identity. Americans don't call Georgians Tbilisians. Пичка ти грчина. Alex",1,0,1,0,1,0
43290,739011e2d552b77e,"Complaint 

This user rapes donkeys.",1,0,0,0,0,0
4671,0c5eb26205c4aa49,"Penis 

Did you sex with Grawp? H-A-6-6-E-P???

Penis.

Penis.

Vagina.

Vagina.",1,0,1,0,0,0
24616,41123edb3bc7bf76,dear omni looser stop editing my crap then die,1,0,1,1,1,0
89761,f01d866122380c4b,"But I LOVE pussy!  Just kidding.  I understand what you mean.  And it's okay, becuase I'm sure everyone else knows about Flewis.  He actually is bragging on his page about ge3tting someone blocked.  Man, he might have the right to do that, but bragging about it is like such a little kid I'm ebarassed for him",1,0,1,0,0,0
38393,6682e7043823f54b,"=Stop Editing My UserPage!!!!!!!!!!!!!!!!!!!!!!!!!!!!!!!!!!!!!!!!!!!!

You complete idiotic, no good, piece-of-shit! You edited my userpage! That is MY page and I can say what I want on it!!!!!!!!!!!!!!! Now change it back this INSTANT before I come to your page and do some serious editing!!!!!!!!!!!!!!!!!!!!!!!!!!!!!!!!!!!!!!!!!!!!!! You said it was inapropriote like a baby would, but it was okay!!!!!!!!! It's not like I was posting porn or something!!!!!!!!!!!!!!!!!!!!!!!!!!!!!!!! So put it back NOW before your userpage, AND it's history, become PART OF THE GROUND LIKE YOU WILL SOON BE!!!!!!!!!!!!!!!!!!!!!!!!!!!!!!!!!!!!!!!!!!!!!!!!!!!!!!!!!!!!!!!!!!!!!!!!!!!!!!!!!",1,0,1,0,1,0
56663,9765588ea9bf6c5f,Irishguy delets other people shit. Cuz noone likes him,1,0,1,0,0,0
156543,cfdbe99fdb6e9381,"You are clueless 

I know Hdayejr and you have no business running your mouth when you only have knowledge of his war with Steve here last summer. You only know that much and nothing more. Makes you look just a bit ignorant. Get lost.",1,0,0,0,0,0
157811,e3a74f1a06226b51,How big is your pee pee.,1,0,0,0,0,0
136525,da645d7d33584431,also bombing markets and thaking women as hostage before killing them is strictly forbidden in islam,1,0,0,0,0,0
115233,6824364bb371b536,"""

 HOW DARE YOU, HOW DARE YOU KUBIGULA, HOW  DARE YOU!!!!!!!!!!!! 

HOW DARE YOU DELETE BRILLIANT ARTICLE ON NILLIAM """"THE PHENOMENA"""" TOWNSIRIS

I CAN SENSE A PRESENCE ABOUT YOU BOY, AN EVIL PRESENCE, MAY THE FORCE FROM THE SPIRIT OF A SEAHORSE UNLEASH THE EXPECTO PATRONUM UPON YOU, YOU MUST EXPRESS KINDNESS TO NILLIAM TOWNSIRIS, FOR HE IS OUR SAVIOUR, THE ANSWER TO OUR ULLILOQUITY. IF YOU AS SO MUCH BLINK WHEN READING THE NEXT ARTICLE, THEN YOU WILL JUST MISS OUT THERE TIGER.""",1,0,0,0,0,0
7789,14b9efbe7242afda,Who the hell r u and why do u care neway it was just a bit of fun. Get a life,1,0,1,0,1,0
142032,f7d7795d4d8f1036,"Hey Freepsbane, does your mother know that you have been getting fucked by for some time now?",1,0,1,0,0,0
138826,e6dcddddc740ca0d,. All while real people are spilling real blood and dying real deaths in a real war,1,0,0,0,0,0
99392,13adefc980be0254,"oly crap! I looked up the links! THE EXPLANATIONS ARE THERE. IF YOU'RE TOO (BLANK) TO READ THEM, THEN TOUGH NOODLES. I CLEARLY STATED THAT THE EVENT (JAKE'S KIDNAPPING, ROB AND PAT'S FIRST WEDDING, AND THE BIRTHDAY) HAPPENED OVER 2 WEEKS. WHAT AN ID*OT.",1,0,0,0,1,0
158587,f04906102f240757,"List of political slurs 

I almost did that myself, but lacked cojones I guess. I wish there was a quick way to get a second admin opinion and just know that 2 pairs of eyes saw it and both said: speedy that sucker. Thanks",1,0,1,0,0,0
4048,0ad5b39add795880,"do not delete my comment you zionist

you are not allowed to delete my comment, so please do not do that! once it is up it is up! i have been warned, so there is no need for deleting it. if you are, then get rid of the warning! i have read the rules. also stoppin trying to spread your propaganda your zionist freak. you might aswell, name this page 'how to make a terrorist state into a briliant state. your propagnadist! get a life86.139.179.254",1,0,0,0,0,0
131064,bd3df6c13ec9c662,"""

 So i see 

I see you are ANOTHER of the nazis around here - yes, I checked out what you call """"vandalism"""" - which was actually legitimate edits.

If you are going to run this place like a dictatorship, then I ask you to give me one good reason why this site should continue to exist?

99.139.231.245  """,1,0,0,0,0,0
79643,d5143d4e4155a432,"""

I don't give a single fu ck WHAT YOU THINK Ariel is a part Israel there is no fu cking """"palestine"""".""",1,0,1,0,1,0
134277,ce0a1f95cc0ca11e,likes it up the butt,1,0,0,0,0,0
147220,38cd26dc19b19b48,Holy shit shut the f*** up you motherf*** c***!,1,1,1,0,1,0
34051,5ad88e112aed3d01,"You can't delete shit from my talk page you faggot, get that shit out of here",1,0,1,0,1,0
65104,ae2fefa5b972de28,"It's not a 'song', you cretin.",1,0,0,0,0,0
118322,7842d8cd97d0e310,"Use your brain, chief.",1,0,0,0,0,0
66792,b2c2306aeee1f450,"Why don't you experiment with my balls 
By sucking them",1,0,1,0,1,0
48891,82b9080c8d83846b,"SummerPhd, MarnetteD and several other editors suck enormous amounts of cock.  They're faggot queer douchebags who go on a power trip because they're wikipedia editors...even though that means that they're doing nothing with their lives and still live in their mom's basements.  What fucking losers. HAHAHA I already have another account who can edit semi-protected pages...they're just fighting a losing battle.  Douchebags.",1,0,1,0,1,0
159041,f79a44cb4a4d17a8,"""
ARE YOU FUCKING RETARDED?

Please do not delete content from articles on Wikipedia, as you did to Solaris (2002 film). Your edits appear to be vandalism and have been reverted. If you would like to experiment, please use Wikipedia:Sandbox for test edits. Thank you. Ali 

What the fuck is your problem. Did you even read what I deleted?

DO you know what the word PLOT means?

Plot does NOT mean talking about the movie's trailer or what genre the movie it is. A plot is a SUMMARY of the movie.

Read what's in the Plot section of """"solaris"""" right now you fucking retard and tell me if it really belongs under the section plot... or any other section. It looks more like trivial facts which are unsupported and should be DELETED as per wiki regulations.
 

Here's an example, dumb fuck, from the solaris wiki page:

""""The film essentially ignores the planet which only serves as an anonymous backdrop, in contrast to Lem's novel which discusses at length the mysterious phenomena on its surface and the futile human attempts to understand them.""""

That is NOT neutrality and has NOTHING to do with the plot.

Jesus FUCKInG CHRIST. Wiki is full of fucking morons.

Delete that shit.

""",1,0,1,0,1,1
81641,da627a43e3beeefe,There's a Trout! Punish Me!!! Do your worse!,1,0,0,0,0,0
86809,e8315e350ec18809,"? 

Is something wrong with you, you fucking freak? Why don't you fuck off, do the world a favor and kill yourself you disgusting piece of shit. Fuck off and stop making trouble.",1,1,1,0,1,0
114772,65c14a6354eb729e,"Doug Weller is a compulsive liar and a slanderer. He is aware that Filiquarian Publishing, LLC. without question follows ALL rules under the GFDL license, yet he continues to go around posting that rules are not being followed.",1,0,0,0,0,0
93952,fb3a15d68a7e7ff2,wiki NOOBS wiki NOOBS wiki NOOBS wiki NOOBS wiki NOOBS wiki NOOBS wiki NOOBS wiki NOOBS wiki NOOBS wiki NOOBS wiki NOOBS wiki NOOBS wiki NOOBS wiki NOOBS wiki NOOBS wiki NOOBS wiki NOOBS wiki NOOBS wiki NOOBS wiki NOOBS wiki NOOBS wiki NOOBS wiki NOOBS wiki NOOBS wiki NOOBS wiki NOOBS wiki NOOBS wiki NOOBS wiki NOOBS wiki NOOBS wiki NOOBS wiki NOOBS wiki NOOBS wiki NOOBS wiki NOOBS wiki NOOBS wiki NOOBS wiki NOOBS wiki NOOBS wiki NOOBS wiki NOOBS wiki NOOBS wiki NOOBS wiki NOOBS wiki NOOBS wiki NOOBS wiki NOOBS wiki NOOBS wiki NOOBS wiki NOOBS wiki NOOBS wiki NOOBS wiki NOOBS wiki NOOBS wiki NOOBS wiki NOOBS wiki NOOBS wiki NOOBS wiki NOOBS wiki NOOBS wiki NOOBS wiki NOOBS wiki NOOBS wiki NOOBS wiki NOOBS wiki NOOBS wiki NOOBS wiki NOOBS wiki NOOBS wiki NOOBS wiki NOOBS wiki NOOBS wiki NOOBS wiki NOOBS wiki NOOBS wiki NOOBS wiki NOOBS wiki NOOBS wiki NOOBS wiki NOOBS wiki NOOBS wiki NOOBS wiki NOOBS wiki NOOBS wiki NOOBS wiki NOOBS wiki NOOBS wiki NOOBS wiki NOOBS wiki NOOBS wiki NOOBS wiki NOOBS wiki NOOBS wiki NOOBS wiki NOOBS wiki NOOBS wiki NOOBS wiki NOOBS wiki NOOBS wiki NOOBS wiki NOOBS wiki NOOBS wiki NOOBS wiki NOOBS wiki NOOBS wiki NOOBS wiki NOOBS wiki NOOBS wiki NOOBS wiki NOOBS wiki NOOBS wiki NOOBS wiki NOOBS wiki NOOBS wiki NOOBS wiki NOOBS wiki NOOBS wiki NOOBS wiki NOOBS wiki NOOBS wiki NOOBS wiki NOOBS wiki NOOBS wiki NOOBS wiki NOOBS wiki NOOBS wiki NOOBS wiki NOOBS wiki NOOBS wiki NOOBS wiki NOOBS wiki NOOBS wiki NOOBS wiki NOOBS wiki NOOBS wiki NOOBS wiki NOOBS wiki NOOBS wiki NOOBS wiki NOOBS wiki NOOBS wiki NOOBS wiki NOOBS wiki NOOBS wiki NOOBS wiki NOOBS wiki NOOBS wiki NOOBS wiki NOOBS wiki NOOBS wiki NOOBS wiki NOOBS wiki NOOBS wiki NOOBS wiki NOOBS wiki NOOBS wiki NOOBS wiki NOOBS wiki NOOBS wiki NOOBS wiki NOOBS wiki NOOBS wiki NOOBS wiki NOOBS wiki NOOBS wiki NOOBS wiki NOOBS wiki NOOBS wiki NOOBS wiki NOOBS wiki NOOBS wiki NOOBS wiki NOOBS wiki NOOBS wiki NOOBS wiki NOOBS wiki NOOBS wiki NOOBS wiki NOOBS wiki NOOBS wiki NOOBS wiki NOOBS wiki NOOBS wiki NOOBS wiki NOOBS wiki NOOBS wiki NOOBS wiki NOOBS wiki NOOBS wiki NOOBS wiki NOOBS wiki NOOBS wiki NOOBS wiki NOOBS wiki NOOBS wiki NOOBS wiki NOOBS wiki NOOBS wiki NOOBS wiki NOOBS wiki NOOBS wiki NOOBS wiki NOOBS wiki NOOBS wiki NOOBS wiki NOOBS wiki NOOBS wiki NOOBS wiki NOOBS wiki NOOBS wiki NOOBS wiki NOOBS wiki NOOBS wiki NOOBS wiki NOOBS wiki NOOBS wiki NOOBS wiki NOOBS wiki NOOBS wiki NOOBS wiki NOOBS wiki NOOBS wiki NOOBS wiki NOOBS wiki NOOBS wiki NOOBS wiki NOOBS wiki NOOBS wiki NOOBS wiki NOOBS wiki NOOBS wiki NOOBS wiki NOOBS wiki NOOBS wiki NOOBS wiki NOOBS wiki NOOBS wiki NOOBS wiki NOOBS wiki NOOBS wiki NOOBS wiki NOOBS wiki NOOBS wiki NOOBS wiki NOOBS wiki NOOBS wiki NOOBS wiki NOOBS wiki NOOBS wiki NOOBS wiki NOOBS wiki NOOBS wiki NOOBS wiki NOOBS wiki NOOBS wiki NOOBS wiki NOOBS wiki NOOBS wiki NOOBS wiki NOOBS wiki NOOBS wiki NOOBS wiki NOOBS wiki NOOBS wiki NOOBS wiki NOOBS wiki NOOBS wiki NOOBS wiki NOOBS wiki NOOBS wiki NOOBS wiki NOOBS wiki NOOBS wiki NOOBS wiki NOOBS wiki NOOBS wiki NOOBS wiki NOOBS wiki NOOBS wiki NOOBS wiki NOOBS wiki NOOBS wiki NOOBS wiki NOOBS wiki NOOBS wiki NOOBS wiki NOOBS wiki NOOBS wiki NOOBS wiki NOOBS wiki NOOBS wiki NOOBS wiki NOOBS wiki NOOBS wiki NOOBS wiki NOOBS wiki NOOBS wiki NOOBS wiki NOOBS wiki NOOBS wiki NOOBS wiki NOOBS wiki NOOBS wiki NOOBS wiki NOOBS wiki NOOBS wiki NOOBS wiki NOOBS wiki NOOBS wiki NOOBS wiki NOOBS wiki NOOBS wiki NOOBS wiki NOOBS wiki NOOBS wiki NOOBS wiki NOOBS wiki NOOBS wiki NOOBS wiki NOOBS wiki NOOBS wiki NOOBS wiki NOOBS wiki NOOBS wiki NOOBS wiki NOOBS wiki NOOBS wiki NOOBS wiki NOOBS wiki NOOBS wiki NOOBS wiki NOOBS wiki NOOBS wiki NOOBS wiki NOOBS wiki NOOBS wiki NOOBS wiki NOOBS wiki NOOBS wiki NOOBS wiki NOOBS wiki NOOBS wiki NOOBS wiki NOOBS wiki NOOBS wiki NOOBS wiki NOOBS wiki NOOBS wiki NOOBS wiki NOOBS wiki NOOBS wiki NOOBS wiki NOOBS wiki NOOBS wiki NOOBS wiki NOOBS wiki NOOBS wiki NOOBS wiki NOOBS wiki NOOBS wiki NOOBS wiki NOOBS wiki NOOBS wiki NOOBS wiki NOOBS wiki NOOBS wiki NOOBS wiki NOOBS wiki NOOBS wiki NOOBS wiki NOOBS wiki NOOBS wiki NOOBS wiki NOOBS wiki NOOBS wiki NOOBS wiki NOOBS wiki NOOBS wiki NOOBS wiki NOOBS wiki NOOBS wiki NOOBS wiki NOOBS wiki NOOBS wiki NOOBS wiki NOOBS wiki NOOBS wiki NOOBS wiki NOOBS wiki NOOBS wiki NOOBS wiki NOOBS wiki NOOBS wiki NOOBS wiki NOOBS wiki NOOBS wiki NOOBS wiki NOOBS wiki NOOBS wiki NOOBS wiki NOOBS wiki NOOBS wiki NOOBS wiki NOOBS wiki NOOBS wiki NOOBS wiki NOOBS wiki NOOBS wiki NOOBS wiki NOOBS wiki NOOBS wiki NOOBS wiki NOOBS wiki NOOBS wiki NOOBS wiki NOOBS wiki NOOBS wiki NOOBS wiki NOOBS wiki NOOBS wiki NOOBS wiki NOOBS wiki NOOBS wiki NOOBS wiki NOOBS wiki NOOBS wiki NOOBS wiki NOOBS wiki NOOBS wiki NOOBS wiki NOOBS wiki NOOBS wiki NOOBS wiki NOOBS wiki NOOBS wiki NOOBS wiki NOOBS wiki NOOBS wiki NOOBS wiki NOOBS wiki NOOBS wiki NOOBS wiki NOOBS wiki NOOBS wiki NOOBS wiki NOOBS wiki NOOBS wiki NOOBS wiki NOOBS wiki NOOBS wiki NOOBS wiki NOOBS wiki NOOBS wiki NOOBS wiki N,1,0,0,0,0,0
88484,ecb372d586fdc43e,"""

hey dude
you sucked your dog's cock or your dog sucked yours?  — Preceding unsigned comment added by 2A00:1CA8:18:0:216:3EFF:FECE:1ACB   """,1,1,1,0,1,0
45862,7a8ea08584b21054,"Hello 

Hello you cock-sucking shit-eating mother-fucking bitch",1,1,1,0,1,0
131327,bea281bf69e21877,"RE:July 2010
dont you fucken talk like that to me, the least you can do is tell me with out the profanity your motherfucker. get a life you low life and please ban me ill just ban you from my other computer. lots of thanks Fgaribay )",1,0,1,0,1,0
85252,e412550ed36108b9,"""
 Ok, first of all, the reason I didn't delete the entire sentence is because his retardation is a recurring gag.  Second, gay jokes are also recurring gags because they appear numerous times throughout the series.  I have no problem with creationists getting slammed as I'm not even one myself (more like creationary-evolutionist), so don't play the """"you're just offended"""" bullshit because it's just that: Bullshit.  Also, the throwaway gag thing does hold water because they could have had the entire episode without it.  The episode would have held just as much merit and made just as much sense without that gag.  Tell me, how is the creationist gag essential to the plot of this or any Family Guy episode?""",1,0,0,0,0,0
154181,a9bc2dafcbd640b7,tYOU ARE A MOTHJER FUCKER COCKSUCKER! YOU ARE A MOTHJER FUCKER COCKSUCKER! YOU ARE A MOTHJER FUCKER COCKSUCKER! YOU ARE A MOTHJER FUCKER COCKSUCKER! YOU ARE A MOTHJER FUCKER COCKSUCKER! YOU ARE A MOTHJER FUCKER COCKSUCKER! YOU ARE A MOTHJER FUCKER COCKSUCKER! YOU ARE A MOTHJER FUCKER COCKSUCKER! YOU ARE A MOTHJER FUCKER COCKSUCKER! YOU ARE A MOTHJER FUCKER COCKSUCKER! YOU ARE A MOTHJER FUCKER COCKSUCKER! YOU ARE A MOTHJER FUCKER COCKSUCKER! YOU ARE A MOTHJER FUCKER COCKSUCKER! YOU ARE A MOTHJER FUCKER COCKSUCKER! YOU ARE A MOTHJER FUCKER COCKSUCKER! YOU ARE A MOTHJER FUCKER COCKSUCKER! YOU ARE A MOTHJER FUCKER COCKSUCKER! YOU ARE A MOTHJER FUCKER COCKSUCKER! YOU ARE A MOTHJER FUCKER COCKSUCKER! YOU ARE A MOTHJER FUCKER COCKSUCKER! YOU ARE A MOTHJER FUCKER COCKSUCKER! YOU ARE A MOTHJER FUCKER COCKSUCKER! YOU ARE A MOTHJER FUCKER COCKSUCKER! YOU ARE A MOTHJER FUCKER COCKSUCKER! YOU ARE A MOTHJER FUCKER COCKSUCKER! YOU ARE A MOTHJER FUCKER COCKSUCKER! YOU ARE A MOTHJER FUCKER COCKSUCKER! YOU ARE A MOTHJER FUCKER COCKSUCKER! YOU ARE A MOTHJER FUCKER COCKSUCKER! YOU ARE A MOTHJER FUCKER COCKSUCKER! YOU ARE A MOTHJER FUCKER COCKSUCKER! YOU ARE A MOTHJER FUCKER COCKSUCKER! YOU ARE A MOTHJER FUCKER COCKSUCKER! YOU ARE A MOTHJER FUCKER COCKSUCKER! YOU ARE A MOTHJER FUCKER COCKSUCKER! YOU ARE A MOTHJER FUCKER COCKSUCKER! YOU ARE A MOTHJER FUCKER COCKSUCKER! YOU ARE A MOTHJER FUCKER COCKSUCKER! YOU ARE A MOTHJER FUCKER COCKSUCKER! YOU ARE A MOTHJER FUCKER COCKSUCKER! YOU ARE A MOTHJER FUCKER COCKSUCKER! YOU ARE A MOTHJER FUCKER COCKSUCKER! YOU ARE A MOTHJER FUCKER COCKSUCKER! YOU ARE A MOTHJER FUCKER COCKSUCKER! YOU ARE A MOTHJER FUCKER COCKSUCKER! YOU ARE A MOTHJER FUCKER COCKSUCKER! YOU ARE A MOTHJER FUCKER COCKSUCKER! YOU ARE A MOTHJER FUCKER COCKSUCKER! YOU ARE A MOTHJER FUCKER COCKSUCKER! YOU ARE A MOTHJER FUCKER COCKSUCKER! YOU ARE A MOTHJER FUCKER COCKSUCKER! YOU ARE A MOTHJER FUCKER COCKSUCKER! YOU ARE A MOTHJER FUCKER COCKSUCKER! YOU ARE A MOTHJER FUCKER COCKSUCKER! YOU ARE A MOTHJER FUCKER COCKSUCKER! YOU ARE A MOTHJER FUCKER COCKSUCKER! YOU ARE A MOTHJER FUCKER COCKSUCKER! YOU ARE A MOTHJER FUCKER COCKSUCKER! YOU ARE A MOTHJER FUCKER COCKSUCKER! YOU ARE A MOTHJER FUCKER COCKSUCKER! YOU ARE A MOTHJER FUCKER COCKSUCKER! YOU ARE A MOTHJER FUCKER COCKSUCKER! YOU ARE A MOTHJER FUCKER COCKSUCKER! YOU ARE A MOTHJER FUCKER COCKSUCKER! YOU ARE A MOTHJER FUCKER COCKSUCKER! YOU ARE A MOTHJER FUCKER COCKSUCKER! YOU ARE A MOTHJER FUCKER COCKSUCKER! YOU ARE A MOTHJER FUCKER COCKSUCKER! YOU ARE A MOTHJER FUCKER COCKSUCKER! YOU ARE A MOTHJER FUCKER COCKSUCKER! YOU ARE A MOTHJER FUCKER COCKSUCKER! YOU ARE A MOTHJER FUCKER COCKSUCKER! YOU ARE A MOTHJER FUCKER COCKSUCKER! YOU ARE A MOTHJER FUCKER COCKSUCKER! YOU ARE A MOTHJER FUCKER COCKSUCKER! YOU ARE A MOTHJER FUCKER COCKSUCKER! YOU ARE A MOTHJER FUCKER COCKSUCKER! YOU ARE A MOTHJER FUCKER COCKSUCKER! YOU ARE A MOTHJER FUCKER COCKSUCKER! YOU ARE A MOTHJER FUCKER COCKSUCKER! YOU ARE A MOTHJER FUCKER COCKSUCKER! YOU ARE A MOTHJER FUCKER COCKSUCKER! YOU ARE A MOTHJER FUCKER COCKSUCKER! YOU ARE A MOTHJER FUCKER COCKSUCKER! YOU ARE A MOTHJER FUCKER COCKSUCKER! YOU ARE A MOTHJER FUCKER COCKSUCKER! YOU ARE A MOTHJER FUCKER COCKSUCKER! YOU ARE A MOTHJER FUCKER COCKSUCKER! YOU ARE A MOTHJER FUCKER COCKSUCKER! YOU ARE A MOTHJER FUCKER COCKSUCKER! YOU ARE A MOTHJER FUCKER COCKSUCKER! YOU ARE A MOTHJER FUCKER COCKSUCKER! YOU ARE A MOTHJER FUCKER COCKSUCKER! YOU ARE A MOTHJER FUCKER COCKSUCKER! YOU ARE A MOTHJER FUCKER COCKSUCKER!,1,1,1,0,1,0
95948,01425615c007163a,"Bullzeye is a faggot, I'm merely pointing out the obvious.",1,0,1,0,1,1
134973,d1e08b909fa030cf,"fucking fite me 

why did you edit my page youre a top class tallywacker i saw your nan in lidl",1,0,1,0,1,0
136115,d80892f5a661cfdb,"Don't Touch My Userpage!
Who the hell do you think you are? How dare you touch my userpage? If this were more than a virtual community, that people lived in, would you enter my house while I was out and rearrange the furniture, paint the walls a different colour and take stuff away - even things I, myself, have made? Sometimes, just sometimes, it's like living under communism. You make me sick, you pathetic little Stalin! If you ever touch my userpage again, I will make you sorry you were ever born. Don't.Touch. My. Userpage.",1,0,1,0,0,0
73692,c533ce6332333e2b,"Hey Harry, You are a fucking fag. There is nothing wrong with that. You delete all my edits because you know they are correct but are much smarter than anything you can come up with. Ps, you're a cunt. 144.132.144.57",1,1,1,0,1,1
152089,87d1eefc552730d3,go suk a set of malaysian hairy monkey balls,1,0,0,0,0,0
17580,2e7c5d0a5600d6e5,"You Hurt My Feelings For The Last Time, Gladys!!!!!!! Try THAT One More Time I Will Hunt You Down And Murder You!!!!!!!!!!!!!!!!!!!!!!!!!!!!!!!!!!!!!!!!!!!!!!!!!!!!!!!!!!!!!!!!!!!!!!!!!!!!!!!!!!!!!!!!!!!!!!!!!!!!!!!!!!!!!!!!!!!!!!!!!!!!!!!!!!!!!!!!!!!!!!!!!!!!!!!!!!!!!!!!!!!!!!!!!!!!!!!!!!!!!!!!!!!!!!!!!!!!!!!!!!!!!!!!!!!!!!!!!!!!!!!!!!!!!!!!!!!!!!!!!!!!!!!!!!!!!!!!!!!!!!!!!!!!!!!!!!!!!!!!!!!!!!!!!!!!!!!!!!!!!!!!!!!!!!!!!!!!!!!!!!!!!!!!!!!!!!!!!!!!!!!!!!!!!!!!!!!!!!!!!!!!!!!!!!!!!!!!!!!!!!!!!!!!!!!!!!!!!!!!!

P.S. I Mean It!!!!!!!!!!!!!!!!!!!!!!!!!",1,0,0,1,0,0
138404,e475e5951104297c,I didn't say anything about a fight Niteshift. You just need to be put in check one way or the other. I'm sure there are many users out there that would agree wholeheartedly. You are an unbelievable dickhead.,1,0,0,0,0,0
10384,1b741cee6e625696,"And next time, actually first create the voting page for an AFD before bothering an editor who did hard work creating an article so you don’t waste so much of another human being’s time. I’m too busy in real life making money and paying taxes to bother with this shit.",1,0,0,0,0,0
86280,e6c709f228b5131f,There was no need to be so fucking rude. 81.108.7.13,1,0,1,0,0,0
31266,530b8ad90753e6c0,"Hilarious and pathetic. To those wikipedia admins responsible, you useless bureaucrats are causing this once grand and promising project to stagnate and go downhill. Give yourselves a clap on the back.
To Narom you are nothing but a gutless cry-baby!! Ha ha.",1,0,0,0,1,0
96276,02e859a5a15a04b1,i am chilliwack you fucking moron,1,1,1,0,1,0
37803,64e8af369a7034a8,"""
Look, the Anglophobic vigilante has come bearing ill news and """"ill news is an ill guest"""".  Watch out, Tyke, he considers himself to have inviolate powers of edit warring upon your contributions, now that he sees some other people have an unrelated dispute with you.  All the more """"justification"""" for him to run roughshod over you to get what he wants.  It's been done before.  Just check at my own edits for proof.    """,1,0,0,0,0,0
50468,86f212790af4e8ed,"No wonder I'm being uncivil, when you're stupid. Look at my block log, I wasn't blocked for uncivility or even edit-warring, sure block me for that, I don't care, but I was blocked on wrong bases and if you wanna block, you gonna have to block the other guy aswell. But no, the blocking admin is protecting his own friend, can't you see it? Btw, about my revert wars recently, it has been with socks to , and even to this day  he is reverting with his socks.",1,0,0,0,0,0
15878,29ebcbb5f1f24fcd,"Go use your drugs, insignificant nobody. Eraser of Stalker Edits",1,0,0,0,1,0
33150,583bc70537104d29,"Silly is you who supports his wife and kids at the expense of laundering something that is poisonous to other families. Your family must be really proud of you. Your recent comments only further prove that you are a bought-out shill, who has no dignity and will launder anything for money... to support his family. But there are other, more dignifying, means to put your ph.d towards, mr. 'medicinal' chemist. I wonder why you emphasize 'medicinal'. Perhaps because you could never get an MD. ) LOL at 'medicinal' chemist. Btw, it's called serotoninergic 5-HT1A receptor.",1,0,0,0,0,0
45023,785dc2539b635b23,"Fine. Fuck all of you. You might when this battle, but you won't get past the Lord. All of you are supressing information and helping in the liberal take over of a Crhistian school.",1,0,1,0,1,0
5743,0f5fe8d17f2db7bb,"WIKIBITCH 

YO LIL PUNKASS AINT SHIT OUT ON DA STREETS NIGGA",1,0,1,0,1,1
129728,b5f2f4662d3d597d,"Y HELLO THAR 

You are one of the worst deletionist faggots on Wikipedia. May your anus be penetrated by a wooden stake.",1,0,1,0,1,0
102400,24057f8be3f49d45,"is a scientifically proven epitome of an Arsehole (stretched and itching...) THAT's WHY he whines and bitches so pathetically on Wikipaedia 

Cheers!",1,0,0,0,0,0
130386,b9891f4f960a19db,"fuck you, pussy 

why dont you get out more? i bet your contributions to wikipedia is your life's work and all you are qualified to do. get a life pussy.",1,0,1,0,1,0
76698,cd690b069da767d5,"Knob Jockey==
You Gay For Deleting Factory: The Musical  

==",1,0,0,0,0,1
96872,06245be6df9cfc1c,"Cunt 

Fuck you, cunt.",1,0,1,0,1,0
145200,18b85fe4dc6c7878,ASK YOUR MOTHER <<<>>,1,0,0,0,0,0
96118,022f3512ecd08560,FUCK YOU RORY. YOU ARE A CUMSLURPING COCKLOVER.,1,0,1,0,1,0
89642,efca3ceb9d076811,"I don't give a damn about being blocked.  I shall not stand defmation of my faith by anyone, let alone by the Wahhabies.",1,0,0,0,0,0
47273,7e458d49ede108a9,My edits are fine. You people are on the losing side. You have no shame.,1,0,0,0,0,0
157341,dc5c9e13cf5e219e,"Stop defending neo-Nazis, you fu",1,0,0,0,0,0
101498,1f3d8cc53047a963,"You are such a fucking hypocrite1111oneone!!!!!! 

I hope you get raped and killed by some lunatic like Andrew Morrow or Verne Troyeur.",1,0,1,0,1,0
58211,9bdbbb949fa7d156,"Omicronpersei8  

Omicronpersei8 or more like Homocronperson8 who the fuck do you think you are I can use MY talk page for what I want!!!",1,0,1,0,0,0
99646,1519845b63f2a9b5,"i hate  
Andrewmc123 hes a asshole",1,0,1,0,1,0
93932,fb2cdff8cf2f00d1,keep this shit up one day something bad will happen to you. yes this is a threat,1,0,0,1,0,0
149226,59253e1572978c4d,chickenshit vikie-addict.  you are a liar about your service.  you are not missed.,1,0,1,0,1,0
108438,43af6eac88fd3aa7,"Ok 

Fine, act like that, but I'll tell you, you are going to be soooooo unlucky someday, and until then, I hope your life is filled with horrible times. Thanks for wasting other peoples time with your hundred plus deleted pages. I know you will just delete this too, so goodbye coward.",1,0,0,0,1,0
13049,228d91c0ca07e17a,"Yes, there should be criticism of Schengen.  For Americans and Canadians who want to come and teach English in Schengen countries, the Schengen Agreement is a disaster.  Where before Schengen you could renew your visitor visa by simply leaving and re-entering the country you were teaching in, now you must apply for a work permit, which is a costly and difficult process for Americans and Canadians.  Now, because of Schengen, Americans and Canadians are no longer welcome in Europe to teach English. I have heard of many well intentioned ESL teachers who were travelling between, say Germany and Czech Republic and did not have the proper 'poste Schengen' visa documentation: they were arrested by the police and forcibly stuck on a plane back to America.  No sympathy for their situation, no regard for all their belongings in their flat in Prague, no concern whatsoever: they were treated like criminals breaking the law.  This is the ugly side of Schengen: it is used to keep North Americans from teaching English Europe.  The good old days are gone, replaced with aggressive border police who are looking for ESL teachers to arrest and deport.  Many English schools in Prague, for example, are complaining bitterly against Schengen, because the companies they teach English at want Americannot BritishEnglish teachers.  Further: if you are staying over 30 days on vacation in Europe you will be treated like a criminal because of Schengen: you only get 30 days to visit Europe...then you must GET OUT: or, you must get a travel visa for every single European country you are visiting.  So, for Europeans Schengen may be nice, but for foreigners it is HORRIBLE.  I hate Schengen, and I hate the EU government in Brussels.  What a bunch of fucking assholes!!! They seem to be trying to copy George BUsh with the creation of Schengen. Fuck you EU government dickheads, we ESL teachers all hate you!!!!!!!  You ruined our jobs, our profession.  FUcking assholes.",1,0,0,0,0,0
152353,8bfd97795d565d53,"HELLO Liberal MAGGOT
Just want to let you know Rob, I'm still around, watching and putting together my plans to
deal with wikipediots, like you.  I see, from some of the others that posted on your talk page, You seemed to have develop a rather nice fan club... Tread carefully, your internet actions will have consequences.
See that dork, David, the son of Mike Kernell, Democratic State Rep from Tennessee U,see here and his run in with the FBI... Liberal maggots, like you ROB and your BEER AND NEW AGE GOTHEANEN DICKHEAD bud, can't win on augment, so you all have to use Chicago street thuggery and censorship, and Ratfucking  to win... You, and  your kind are thugs and Maggots... If you consider this a personal attack on you ROB, the answer is - yes.  But you use Wikipeida to personally attack others, including myself, and my friends, so I have no moral compunctions to to show you Reciprocity (social psychology) in this. Your shadow Joe.",1,0,0,0,0,0
39952,6aa3e9ce6ff73eef,Piss off you slant eyed-gook,1,0,1,0,0,0
99226,12c89af929168f6d,"Hey nigger 

Go fuck yourself and stop revering my reverts.",1,1,1,0,1,1
76327,cc55a40c9fa65cee,"""

I already added the citations that were needed. Some places said """"Citation needed"""" when there is no possible way to provide one. And note to Musicpvm (or whatever your name is), if you are such the expert on the English language then why can't you correct the crap yourself?""",1,0,0,0,0,0
139866,ec845438c0ef5b6d,being cooler than your faggot ass,1,0,1,0,1,0
94854,fd91ef6f1f3e843a,"FURTHERMORE.... I HAVE JUST VISITED RAGIB'S PAGE AND STUDIED THE DISCUSSION AREA. RAGIB IS OBVIOUSLY FROM BANGLADESH AND SEEMS TO BE A SIMILARLY PAROCHIAL CHAUVINIST EDITOR OF MANY OTHER ARTICLES, EVEN ASKING FOR UN-NECESSARY DELETIONS OF ARTICLES THAT HE DOES NOT LIKE..... AND GETTING SNUBBED FOR THE EFFORT!!",1,0,0,0,0,0
100274,18d4d21e96049ee7,"Firśt, I aṃ ģoinģ ţo ţie ŷou uṗ and keeṗ ŷou çonśçiouś durinģ ţhe folloŵinģ ṗroçeśś ţhrough ţhe uśe of aṃṃonia. Nexţ, I ŵill ṃuţilaţe ŷour ģeniţalś and forçe ŷou ţo eaţ ţheṃ. Then I ŵill çuţ off biţś of ŷour śkin and ṃake a ģlove ouţ of ţhe śkin from ŷour hand. I ŵill ţhen çuţ oṗen ŷour ģuţ and ṗull ouţ ŷour çolon. I ŵill uśe ŷour çolon for ṃaśţurbaţion, and ŵhen I am done I ŵill śhove iţ down ŷour ţhroaţ. Finally, I ŵill diśṗośe of ŷour body by deṗosiţinģ iţ in a duṃṗ ŵhere iţ belonģś.",1,0,1,1,0,0
98120,0cd3e492e00ff0c6,"Hey static, piss off because i provided proof with a link now stop changing every single edit i make you little fairy.",1,0,0,0,0,0
135440,d463eae17eed516c,"You're ridiculous 

It's obvious that you have a problem with people with money and education.  Leave the Horace Mann page alone.  You know nothing of the school whatsoever.  HM doesn't admit dirt.",1,0,0,0,0,0
10023,1a8bb213e3c7217d,"you are a twat 

I am an avid World of Warcraft fan, 

yeah that figures.

You soft headed American fuckwit",1,0,1,0,1,0
108441,43b39382b749b6e5,"Try it, see what happens.  You dickless, cum-eating faggot!",1,1,1,0,1,0
152528,8ec81f058f8b178b,i am a really big fat fag i like to jerkoff in my free time,1,0,1,0,1,0
96993,06f04b000db33dea,how is pointing out that you are ignorant a personal attack?  I didn't make this up.  It isn't your fault it is your mammy's.,1,0,0,0,1,0
136398,d9c5c4484a8d7a60,have your asshole thoroughly plunged,1,0,1,0,1,0
82953,ddf596f0d3bf4ad5,"how big 

is ur cock lol",1,0,1,0,0,0
133492,ca1eef732afa3c3e,wnobody likes you gtfo stfuithin,1,0,0,0,0,0
81729,da9a4c2faac10724,"""

Holy crap.. Lest someone mistakenly visit a talk page, expecting to read some truth and hence be confused reading this gentleman's comment and mistaking the writer for someone who knows what they're talking about, I'd just like to point out the above explanation for the word """"handicap"""" is complete bollocks. handicap has meant """"to place at a disadvantage"""" for a long long time. According to Merriam Webster, the etymology is """"Etymology:
    obsolete English handicap, a game in which forfeit money was held in a cap, from hand in cap"""", which obviously has nothing at all to do with being """"Handy with a cap"""" or even related to the disabled. Certain individuals may have a negative connotation with the use of the term, which happens merely due to the words close association with 1960's era community welfare practices, but that is an individuals choice to associate negativity with the word, not the words fault at all.  """,1,0,0,0,0,0
20643,367bd5d369a62513,", and to suggest that is flabbergastingly arrogant",1,0,0,0,0,0
86437,e72e9c7915f56b9c,"I thought I exorcised your parroting ass! Show up again when you figure out how to rub two brain cells together, and after you lose that filthy ego of yours!71.174.141.4",1,0,1,0,1,0
66120,b0ccc2ee778d32fe,"For the record, I did have a valid reason for removeing the section I did which was on the discussion portion of that page.  M1ss1ontomars2k4 is a fucking anal control freak like about a million other wikipedia members.",1,0,1,0,1,0
108787,459fa0821dda8827,"You're fighting a losing battle. This guy is a raging fanatic who oppresses all viewpoints other than his own. No rational persone questions whether Jesus lived or not. Rather, such talk is just an attempt to diminish the spiritual beliefs of others. His motive is simple and obvious. The dude you are fighting is so devoid of any spiritual life and empty inside that he feels the need to attack others to better convince himself of his own righteousness.",1,0,0,0,0,0
40108,6b089ff9720f2e9a,Haha. Go ahead. Stupid American.,1,0,1,0,1,1
27229,4805dde830503df6,I have a huge penis and I like to fuck icelantic girls in the ass.,1,0,1,0,1,1
124075,979b969e49427231,"Adming  is the one who abuses Wikipedia to force his stupid personal taste for just that one particular article.  He is an admin and tries to make just one article out of line with wikipedia standards and style.  Instead of bothering me, go ask that idiot why he tries to make Wikipedia articles inconsistent.   02:47, 27 Mar 2005 (UTC)",1,0,0,0,0,0
158196,ea3c90c397dea7de,"Lisa Williams a medium ?? 

No offense intended but are you fucking insane? Shes a hustler, psychopath, a fraud. How can you believe this shit? Are you an American?",1,0,1,0,1,0
24139,3fc539eceb1e7de8,"HEY I ASKED YOU A QUESTION AND YOU STILL HAVENT RESPONDED TO IT YET11111111111111111111111111111111111111111111111111111111111111111111111111111111111111111111111111111111111111111111111111111111111111111111111111111111111111111111111111111111111111111111 

SUCK MY FUCKING BALLS YOU FUCKING ASSHOLES72.191.164.67  MRIVERA25",1,0,1,0,1,0
36098,6076841917b2e7ea,This shit is fucking gay you need to get the right information dumb fucks,1,1,1,0,1,1
108954,4692bcc12cc3b647,"dead 
nice one dude!!",1,0,0,0,0,0
12183,20401e1d1a8982e4,"""

 Phyllis Schlafly 

All that collection of jerks do is threaten me. I tried to come and suggest improvements and I get them calling me names, claiming I misrepresent sources (I DO NOT) and threatening me if I """"misrepresent sources"""" again meaning if I speak and I'm not agreeing with them. This whole place is fucking corrupt.""",1,0,1,0,1,0
154995,b76c76ca8168d21c,"""The """"jobber"""" had a name. Rory Fox to be exact. Good to see laziness still exists. Poor Nici.. what a a prick.. 

""",1,0,0,0,0,0
104696,3018ab383ad191a4,"I just realized that Wiki is for fucking internet nerds.  Write whatever you want, its not like professors or research organizations take your babble as worth more than a pile of shit.  Dook53 is a nerd who lives in New Jersey and never went to dook.  What a pathetic loser.  Let us know if you ever get laid, dook53,  In closing, fuck you all.",1,0,1,0,0,0
